Subject ID,Avg_Score,Std_Dev,Min_Score,Max_Score,Num_Evaluations,Source_<lambda>,Rater Name_nunique,Response_Completeness_mean,Sentiment_Negative,Sentiment_Neutral,Sentiment_No Comment,Sentiment_Positive,Avg_Compound_Score,Total_Comments,Negative_Comment_Count,Negative_Comment_Pct,Coefficient_of_Variation
PHYS_018b413c1fa3,4.722,0.428,3.8,5.0,18,AUBMC,21,0.253,0,0,20,1,0.9409,21,0,0.0,0.091
PHYS_0292b434aeac,4.715,0.283,4.167,5.0,14,ED,18,0.34,1,1,16,0,-0.1806,18,1,5.6,0.06
PHYS_02c500d8cb86,4.784,0.339,4.0,5.0,15,AUBMC,23,0.19,0,0,21,2,0.4665,23,0,0.0,0.071
PHYS_04276415b932,4.872,0.368,3.5,5.0,20,ED,20,0.452,0,0,19,1,0.2263,20,0,0.0,0.076
PHYS_04f7a28faaf6,4.783,0.406,4.0,5.0,18,AUBMC,18,0.298,0,0,15,3,0.45613333333333334,18,0,0.0,0.085
PHYS_0511bf6efef4,5.0,0.0,5.0,5.0,17,Patho,17,0.242,0,1,14,2,0.45,17,0,0.0,0.0
PHYS_05378cdaf36f,4.556,0.524,3.5,5.0,18,AUBMC,20,0.271,0,3,17,0,0.0,20,0,0.0,0.115
PHYS_062bed0d47f0,4.988,0.04,4.875,5.0,10,AUBMC,13,0.191,0,2,10,1,0.08333333333333333,13,0,0.0,0.008
PHYS_086add564ec2,4.915,0.225,4.0,5.0,33,AUBMC,33,0.303,0,0,31,2,0.6476,33,0,0.0,0.046
PHYS_088c3a358426,4.535,0.721,2.2,5.0,26,AUBMC,27,0.286,0,1,23,3,0.512775,27,0,0.0,0.159
PHYS_08e98486b3ce,4.589,0.563,3.0,5.0,32,AUBMC,32,0.289,1,1,30,0,-0.1806,32,1,3.1,0.123
PHYS_09dabef2e8ab,4.939,0.27,3.733,5.0,22,ED,22,0.45,0,0,22,0,,22,0,0.0,0.055
PHYS_0a63f66fcd2d,4.812,0.483,2.9,5.0,20,AUBMC,25,0.238,0,1,22,2,0.3652333333333333,25,0,0.0,0.1
PHYS_0aa310a24d7d,4.74,0.349,4.0,5.0,17,ED,19,0.391,0,1,18,0,0.0,19,0,0.0,0.074
PHYS_0b154e62147a,4.936,0.143,4.4,5.0,22,AUBMC,24,0.278,0,0,22,2,0.6467499999999999,24,0,0.0,0.029
PHYS_0b77c31591f2,4.975,0.087,4.7,5.0,12,AUBMC,12,0.22,0,1,9,2,0.4121333333333333,12,0,0.0,0.017
PHYS_0c1628118176,4.925,0.226,4.0,5.0,28,AUBMC,31,0.27,0,2,28,1,0.1953,31,0,0.0,0.046
PHYS_0c6a6d8731d5,4.953,0.137,4.556,5.0,18,AUBMC,26,0.206,0,1,25,0,0.0,26,0,0.0,0.028
PHYS_0c6befa9bb8a,4.887,0.198,4.2,5.0,23,AUBMC,25,0.279,0,0,23,2,0.47755000000000003,25,0,0.0,0.041
PHYS_0c7fca4357ff,4.729,0.838,1.7,5.0,16,AUBMC,16,0.297,0,0,15,1,0.9117,16,0,0.0,0.177
PHYS_0d0e3dd63767,4.788,0.372,3.7,5.0,28,AUBMC,28,0.3,0,0,27,1,0.8646,28,0,0.0,0.078
PHYS_0e2a403e9a4c,4.504,0.798,1.778,5.0,20,AUBMC,21,0.28,0,0,19,2,0.7242,21,0,0.0,0.177
PHYS_0e40d0aae510,4.954,0.066,4.8,5.0,13,AUBMC,13,0.303,0,0,10,3,0.7364333333333333,13,0,0.0,0.013
PHYS_0f5fcee5afc6,4.927,0.221,4.0,5.0,22,AUBMC,22,0.302,0,1,15,6,0.5686142857142857,22,0,0.0,0.045
PHYS_0f6500b55151,4.822,0.348,3.6,5.0,33,AUBMC,33,0.293,0,0,30,3,0.5406,33,0,0.0,0.072
PHYS_0f7dbc32ada3,4.859,0.234,4.2,5.0,18,AUBMC,20,0.265,0,2,16,2,0.31185,20,0,0.0,0.048
PHYS_1043138b4084,4.662,0.556,3.5,5.0,13,AUBMC,13,0.282,0,1,12,0,0.0,13,0,0.0,0.119
PHYS_11bed525f8a2,4.953,0.155,4.4,5.0,15,AUBMC,18,0.251,0,0,18,0,,18,0,0.0,0.031
PHYS_123492dbdd6e,4.617,0.436,4.0,5.0,18,AUBMC,25,0.218,0,2,22,1,0.31806666666666666,25,0,0.0,0.094
PHYS_12590e0e5875,4.832,0.321,3.9,5.0,28,AUBMC,28,0.299,0,0,28,0,,28,0,0.0,0.066
PHYS_128eb7334060,4.774,0.3,3.9,5.0,50,AUBMC,51,0.295,0,1,46,4,0.64436,51,0,0.0,0.063
PHYS_1293d87c6b66,4.912,0.152,4.5,5.0,17,Patho,17,0.242,0,1,15,1,0.31245,17,0,0.0,0.031
PHYS_134fc473142b,4.95,0.165,4.3,5.0,18,AUBMC,24,0.227,0,1,22,1,0.2294,24,0,0.0,0.033
PHYS_149fefab32b4,4.75,0.419,4.0,5.0,20,AUBMC,26,0.217,0,1,23,2,0.6309,26,0,0.0,0.088
PHYS_14f9b9c484ab,4.573,0.661,3.0,5.0,30,AUBMC,31,0.275,1,0,28,2,0.1123,31,1,3.2,0.145
PHYS_155ddef11442,4.918,0.157,4.4,5.0,34,AUBMC,36,0.279,0,0,34,2,0.7073499999999999,36,0,0.0,0.032
PHYS_1563d6861c47,4.955,0.083,4.769,5.0,18,ED,18,0.441,0,0,17,1,0.8126,18,0,0.0,0.017
PHYS_15acfc9e0e6c,4.864,0.305,4.1,5.0,14,AUBMC,16,0.25,0,1,14,1,0.28595,16,0,0.0,0.063
PHYS_1688b5a58eea,4.477,0.902,1.4,5.0,19,AUBMC,21,0.258,0,0,21,0,,21,0,0.0,0.201
PHYS_16ae21ee5cb3,4.808,0.413,3.643,5.0,21,ED,21,0.45,0,1,19,1,0.20095,21,0,0.0,0.086
PHYS_173bbc0bcea0,4.738,0.633,2.8,5.0,13,AUBMC,16,0.214,0,0,15,1,0.9117,16,0,0.0,0.134
PHYS_177f77b135b4,4.768,0.383,3.8,5.0,23,AUBMC,23,0.302,0,1,20,2,0.3807333333333333,23,0,0.0,0.08
PHYS_17812bf2fcaf,5.0,0.0,5.0,5.0,18,AUBMC,18,0.303,0,1,12,5,0.5943333333333333,18,0,0.0,0.0
PHYS_17910de5f703,4.299,0.786,2.533,5.0,20,ED,20,0.448,1,0,18,1,0.2915,20,1,5.0,0.183
PHYS_17b1b91e9add,4.745,0.39,3.8,5.0,16,AUBMC,16,0.295,0,1,14,1,0.36755,16,0,0.0,0.082
PHYS_181ce205eac5,4.872,0.314,4.0,5.0,18,AUBMC,24,0.218,0,1,22,1,0.1902,24,0,0.0,0.064
PHYS_183de6ed35cf,4.822,0.297,4.0,5.0,17,AUBMC,23,0.216,0,2,19,2,0.337325,23,0,0.0,0.062
PHYS_188031344e32,4.5,0.709,3.0,5.0,9,AUBMC,30,0.081,0,0,29,1,0.92,30,0,0.0,0.158
PHYS_18d9d60a1ec8,4.76,0.314,3.8,5.0,25,AUBMC,26,0.28,0,1,22,3,0.604475,26,0,0.0,0.066
PHYS_19e9c045554a,4.666,0.896,1.0,5.0,20,ED,20,0.447,0,0,20,0,,20,0,0.0,0.192
PHYS_1a0a8309de6c,4.988,0.05,4.8,5.0,16,AUBMC,16,0.303,0,1,14,1,0.394,16,0,0.0,0.01
PHYS_1a2e8d658c0d,4.771,0.453,3.3,5.0,21,AUBMC,24,0.265,0,0,23,1,0.911,24,0,0.0,0.095
PHYS_1b486a9e38a8,4.85,0.292,4.0,5.0,22,AUBMC,24,0.278,0,0,22,2,0.7427,24,0,0.0,0.06
PHYS_1d0fc2c6d865,4.869,0.267,3.875,5.0,27,AUBMC,28,0.288,0,0,26,2,0.8679,28,0,0.0,0.055
PHYS_1ebf0ed0a490,4.728,0.449,3.75,5.0,24,AUBMC,26,0.253,0,1,24,1,0.4221,26,0,0.0,0.095
PHYS_1f0f25eeec49,4.948,0.094,4.7,5.0,20,AUBMC,21,0.253,0,4,15,2,0.2341333333333333,21,0,0.0,0.019
PHYS_1f2767fa9421,4.937,0.231,4.0,5.0,19,AUBMC,27,0.21,0,0,27,0,,27,0,0.0,0.047
PHYS_1fb96d137a2b,4.942,0.217,4.0,5.0,24,AUBMC,24,0.301,0,2,17,5,0.43788571428571427,24,0,0.0,0.044
PHYS_20d06ace891d,4.967,0.059,4.8,5.0,18,AUBMC,19,0.263,1,1,15,2,0.21752500000000002,19,1,5.3,0.012
PHYS_20d7b55adae1,4.6,0.49,4.0,5.0,11,AUBMC,14,0.238,0,0,13,1,0.4939,14,0,0.0,0.107
PHYS_21f122001425,4.882,0.275,3.8,5.0,19,AUBMC,24,0.235,1,1,20,2,0.047375000000000014,24,1,4.2,0.056
PHYS_22a4caf9c4c7,4.713,0.438,3.9,5.0,13,AUBMC,14,0.279,0,1,12,1,0.3062,14,0,0.0,0.093
PHYS_22e7165ee7c8,4.917,0.289,4.0,5.0,12,AUBMC,14,0.26,0,2,10,2,0.282725,14,0,0.0,0.059
PHYS_23630ec6bd44,4.82,0.282,4.2,5.0,16,AUBMC,17,0.271,0,0,17,0,,17,0,0.0,0.059
PHYS_2401bb3f8ee0,4.988,0.05,4.8,5.0,16,AUBMC,17,0.257,0,1,13,3,0.483475,17,0,0.0,0.01
PHYS_24a62be3fc23,4.754,0.406,3.5,5.0,23,AUBMC,23,0.292,0,1,21,1,0.1909,23,0,0.0,0.085
PHYS_275b50e0b410,4.788,0.393,3.0,5.0,49,AUBMC,51,0.286,0,1,47,3,0.559925,51,0,0.0,0.082
PHYS_27b83fe71513,4.96,0.076,4.7,5.0,25,AUBMC,25,0.296,0,1,21,3,0.661225,25,0,0.0,0.015
PHYS_27d504fc2b8b,4.507,0.763,1.933,5.0,17,ED,19,0.396,0,0,19,0,,19,0,0.0,0.169
PHYS_2873d0155fae,4.838,0.359,4.0,5.0,16,AUBMC,17,0.273,0,0,17,0,,17,0,0.0,0.074
PHYS_2a2d2e824a25,4.877,0.249,4.0,5.0,18,AUBMC,18,0.301,0,0,14,4,0.7798499999999999,18,0,0.0,0.051
PHYS_2a818d4619d8,4.846,0.23,4.4,5.0,13,AUBMC,13,0.303,0,0,9,4,0.7681,13,0,0.0,0.047
PHYS_2ab54f384310,4.895,0.183,4.4,5.0,24,AUBMC,26,0.272,0,2,21,3,0.23568000000000003,26,0,0.0,0.037
PHYS_2b39351adae2,4.694,0.628,3.0,5.0,16,AUBMC,18,0.269,0,1,17,0,0.0,18,0,0.0,0.134
PHYS_2cb7c4ef9c2d,4.722,0.433,3.7,5.0,27,AUBMC,27,0.302,1,1,22,3,0.38788,27,1,3.7,0.092
PHYS_2dd4c5aa0461,4.904,0.24,4.2,5.0,23,AUBMC,23,0.303,0,1,19,3,0.50605,23,0,0.0,0.049
PHYS_2dea74e74247,4.889,0.267,4.0,5.0,14,ED,19,0.332,0,1,18,0,0.0,19,0,0.0,0.055
PHYS_2ea5bacd1678,4.856,0.34,3.7,5.0,24,AUBMC,24,0.301,1,1,22,0,-0.2233,24,1,4.2,0.07
PHYS_2ec86dde8211,4.707,0.5,3.5,5.0,14,AUBMC,16,0.254,0,1,14,1,0.28595,16,0,0.0,0.106
PHYS_2f693cd39f3a,4.67,0.569,2.333,5.0,27,AUBMC,31,0.252,0,2,28,1,0.2546,31,0,0.0,0.122
PHYS_3046138e37d2,4.653,0.512,3.5,5.0,27,AUBMC,31,0.238,1,1,28,1,-0.032866666666666676,31,1,3.2,0.11
PHYS_3092b5fd6b03,4.82,0.516,3.0,5.0,15,AUBMC,25,0.182,0,1,23,1,0.1902,25,0,0.0,0.107
PHYS_3230e0ecc6b3,4.559,0.441,3.6,5.0,16,AUBMC,18,0.251,0,2,15,1,0.041833333333333333,18,0,0.0,0.097
PHYS_32af8107edf8,4.635,0.614,2.7,5.0,20,AUBMC,20,0.302,0,0,18,2,0.5932,20,0,0.0,0.132
PHYS_32e8dc548132,4.698,0.433,4.0,5.0,14,AUBMC,17,0.214,0,0,16,1,0.5574,17,0,0.0,0.092
PHYS_3431537b843f,4.87,0.31,4.0,5.0,19,ED,19,0.445,0,0,17,2,0.73855,19,0,0.0,0.064
PHYS_343af737a77c,4.81,0.648,1.0,5.0,39,AUBMC,51,0.226,0,1,47,3,0.585475,51,0,0.0,0.135
PHYS_349a818dfb0f,4.626,0.608,3.0,5.0,21,AUBMC,22,0.249,0,0,21,1,0.4215,22,0,0.0,0.131
PHYS_35d232ae4201,4.888,0.221,4.2,5.0,20,AUBMC,21,0.274,0,1,19,1,0.35015,21,0,0.0,0.045
PHYS_36d41ab407e6,4.94,0.184,4.3,5.0,15,AUBMC,16,0.261,0,1,14,1,0.31845,16,0,0.0,0.037
PHYS_37ab8eeca1e5,4.892,0.283,4.0,5.0,25,AUBMC,26,0.29,0,0,25,1,0.8807,26,0,0.0,0.058
PHYS_37bbf38d2487,4.871,0.329,4.0,5.0,14,AUBMC,15,0.273,0,0,14,1,0.5667,15,0,0.0,0.068
PHYS_37dfdb6f29eb,4.868,0.372,3.7,5.0,22,AUBMC,22,0.303,0,1,19,2,0.3874,22,0,0.0,0.076
PHYS_3847a8e22a9f,4.856,0.273,4.0,5.0,18,AUBMC,21,0.245,0,2,19,0,0.0,21,0,0.0,0.056
PHYS_386184a463dd,4.948,0.124,4.5,5.0,49,AUBMC,51,0.289,0,2,45,4,0.3725,51,0,0.0,0.025
PHYS_3be61421ac27,4.623,0.587,3.0,5.0,26,AUBMC,29,0.27,0,0,28,1,0.4588,29,0,0.0,0.127
PHYS_3c48cb2e4643,4.739,0.479,3.4,5.0,18,AUBMC,20,0.258,0,0,20,0,,20,0,0.0,0.101
PHYS_3d4ce6827916,4.68,0.781,2.5,5.0,10,AUBMC,10,0.297,0,0,10,0,,10,0,0.0,0.167
PHYS_3d62f2880c9e,4.855,0.238,4.333,5.0,17,ED,18,0.429,0,1,16,1,0.36345,18,0,0.0,0.049
PHYS_3ed9f4f595ea,4.942,0.208,4.1,5.0,33,AUBMC,36,0.274,0,0,35,1,0.4754,36,0,0.0,0.042
PHYS_3fc23f4178c6,4.871,0.294,4.0,5.0,12,AUBMC,26,0.128,0,1,23,2,0.6108666666666667,26,0,0.0,0.06
PHYS_4034a678d376,4.902,0.253,4.0,5.0,24,AUBMC,24,0.302,0,4,19,1,0.09506,24,0,0.0,0.052
PHYS_40b714e94a50,4.823,0.383,3.7,5.0,23,AUBMC,23,0.298,0,0,20,3,0.47550000000000003,23,0,0.0,0.079
PHYS_4187a56a3550,4.721,0.426,4.0,5.0,14,AUBMC,14,0.303,0,1,13,0,0.0498,14,0,0.0,0.09
PHYS_41b703870205,4.938,0.178,4.3,5.0,16,AUBMC,16,0.303,0,0,15,1,0.6696,16,0,0.0,0.036
PHYS_4358aa6d482d,4.808,0.55,3.0,5.0,13,AUBMC,14,0.281,0,0,13,1,0.9117,14,0,0.0,0.114
PHYS_436e376a1ca5,4.929,0.267,4.0,5.0,14,AUBMC,17,0.228,0,0,17,0,,17,0,0.0,0.054
PHYS_437571541151,4.75,0.414,4.0,5.0,10,AUBMC,16,0.189,0,1,13,2,0.5032,16,0,0.0,0.087
PHYS_43cdc67ea26f,4.548,0.64,2.5,5.0,33,AUBMC,33,0.302,0,0,30,3,0.8485999999999999,33,0,0.0,0.141
PHYS_44aa26beae78,4.865,0.327,3.7,5.0,23,AUBMC,23,0.3,0,1,20,2,0.4641,23,0,0.0,0.067
PHYS_48532e86aff2,4.873,0.304,4.0,5.0,20,ED,20,0.453,0,0,19,1,0.6369,20,0,0.0,0.062
PHYS_4a8090d81fa2,4.923,0.277,4.0,5.0,13,AUBMC,16,0.212,0,1,15,0,0.0,16,0,0.0,0.056
PHYS_4aeacdb3a4a6,4.95,0.213,4.0,5.0,22,AUBMC,22,0.303,0,1,19,2,0.3598333333333334,22,0,0.0,0.043
PHYS_4b557f2781cb,4.612,0.462,3.5,5.0,28,AUBMC,28,0.302,0,0,26,2,0.80225,28,0,0.0,0.1
PHYS_4bbcfedfb0c5,4.854,0.218,4.4,5.0,17,ED,19,0.38,0,1,17,1,0.41095,19,0,0.0,0.045
PHYS_4bf042862ce8,4.779,0.434,3.6,5.0,14,AUBMC,16,0.265,1,2,13,0,-0.19316666666666668,16,1,6.2,0.091
PHYS_4e77fb1f767d,4.891,0.279,4.0,5.0,22,AUBMC,22,0.303,0,1,20,1,0.03260000000000002,22,0,0.0,0.057
PHYS_4ee2261d072c,4.92,0.188,4.25,5.0,22,AUBMC,22,0.277,0,1,19,2,0.5292666666666667,22,0,0.0,0.038
PHYS_4fc218f3c90d,4.766,0.399,3.7,5.0,38,AUBMC,42,0.274,1,0,39,2,0.30223333333333335,42,1,2.4,0.084
PHYS_50ac2c9535c2,4.864,0.321,3.6,5.0,35,AUBMC,35,0.29,0,1,31,3,0.4001,35,0,0.0,0.066
PHYS_51d276f5a8d3,4.696,0.491,3.4,5.0,23,AUBMC,23,0.298,0,1,20,2,0.26720000000000005,23,0,0.0,0.105
PHYS_51df892c308a,4.852,0.165,4.6,5.0,12,AUBMC,12,0.298,0,0,7,5,0.91486,12,0,0.0,0.034
PHYS_521a6b7dc394,4.896,0.254,4.0,5.0,25,AUBMC,25,0.303,0,0,22,3,0.9179333333333334,25,0,0.0,0.052
PHYS_53548c7a9704,4.82,0.575,2.5,5.0,20,AUBMC,25,0.242,0,0,24,1,0.3597,25,0,0.0,0.119
PHYS_55de23dce1a6,4.711,0.504,3.4,5.0,21,AUBMC,23,0.266,0,0,21,2,0.58685,23,0,0.0,0.107
PHYS_567629932304,4.894,0.224,4.2,5.0,16,AUBMC,17,0.275,0,1,16,0,-0.296,17,0,0.0,0.046
PHYS_56a6b961f2f5,4.689,0.457,3.333,5.0,24,AUBMC,26,0.255,0,0,24,2,0.6870499999999999,26,0,0.0,0.097
PHYS_57b12d3fa561,4.962,0.092,4.7,5.0,24,AUBMC,27,0.267,0,2,24,1,0.2083,27,0,0.0,0.019
PHYS_581bbef004e2,4.74,0.414,4.0,5.0,15,AUBMC,19,0.238,0,1,16,2,0.41756666666666664,19,0,0.0,0.087
PHYS_58f39c63da09,4.831,0.291,4.0,5.0,12,AUBMC,21,0.16,0,2,18,1,0.2654666666666667,21,0,0.0,0.06
PHYS_59abdc77e246,4.559,0.476,3.3,5.0,15,AUBMC,15,0.299,0,0,13,2,0.7922,15,0,0.0,0.104
PHYS_5a42763cd787,4.754,0.439,3.4,5.0,21,AUBMC,24,0.258,0,0,21,3,0.6619,24,0,0.0,0.092
PHYS_5a6d025ce91f,4.826,0.372,3.1,5.0,49,AUBMC,51,0.283,0,1,47,3,0.470125,51,0,0.0,0.077
PHYS_5d72b8a63454,4.517,0.479,3.7,5.0,15,AUBMC,26,0.159,0,2,23,1,0.09163333333333334,26,0,0.0,0.106
PHYS_5ee0cf3073cc,4.86,0.595,2.333,5.0,20,ED,20,0.452,0,0,20,0,,20,0,0.0,0.122
PHYS_5f5a9e7bd1e2,4.65,0.506,3.7,5.0,14,AUBMC,15,0.283,0,1,12,2,0.3805,15,0,0.0,0.109
PHYS_5f752ce1a40c,4.549,0.865,2.333,5.0,15,AUBMC,20,0.203,0,0,17,3,0.5185666666666667,20,0,0.0,0.19
PHYS_60ee248ad967,4.95,0.213,4.0,5.0,22,AUBMC,22,0.303,0,1,19,2,0.2872666666666666,22,0,0.0,0.043
PHYS_614bab004c69,4.244,1.04,1.0,5.0,37,AUBMC,44,0.311,2,2,39,1,-0.11703999999999999,44,2,4.5,0.245
PHYS_619b3b7381eb,4.035,1.165,1.2,5.0,20,AUBMC,25,0.224,0,2,19,4,0.39965,25,0,0.0,0.289
PHYS_62f1bae5c53b,4.811,0.317,4.0,5.0,28,AUBMC,74,0.113,0,3,68,3,0.3100333333333333,74,0,0.0,0.066
PHYS_63c6c95d0a19,4.914,0.241,4.1,5.0,14,AUBMC,15,0.281,0,1,13,1,0.45585,15,0,0.0,0.049
PHYS_63cde5ca57b8,4.703,0.533,3.0,5.0,20,ED,20,0.448,0,1,19,0,0.0,20,0,0.0,0.113
PHYS_645df9a1917f,4.893,0.317,3.714,5.0,28,AUBMC,31,0.269,0,1,28,2,0.4584,31,0,0.0,0.065
PHYS_65af24a9759c,4.953,0.092,4.7,5.0,15,AUBMC,15,0.303,1,0,12,2,0.2743,15,1,6.7,0.019
PHYS_66c9388ca309,4.874,0.283,4.0,5.0,23,AUBMC,23,0.299,0,0,19,4,0.631175,23,0,0.0,0.058
PHYS_674ccaddbf58,4.558,0.483,3.5,5.0,19,AUBMC,19,0.303,0,0,18,1,0.6249,19,0,0.0,0.106
PHYS_6867b72e31e4,4.763,0.538,3.0,5.0,14,AUBMC,15,0.279,0,1,13,1,0.27495,15,0,0.0,0.113
PHYS_68bd26c55254,4.716,0.391,4.0,5.0,28,AUBMC,32,0.259,0,2,29,1,0.22226666666666664,32,0,0.0,0.083
PHYS_6a8465128a14,4.788,0.396,4.0,5.0,16,AUBMC,17,0.271,0,0,17,0,,17,0,0.0,0.083
PHYS_6ba27db1e944,4.429,0.482,3.7,5.0,14,AUBMC,17,0.246,0,1,15,1,0.24635,17,0,0.0,0.109
PHYS_6df779828f7b,4.877,0.278,4.0,5.0,22,AUBMC,22,0.298,1,1,19,1,0.08789999999999999,22,1,4.5,0.057
PHYS_6ed006a1754d,4.871,0.318,4.0,5.0,17,AUBMC,26,0.188,0,0,24,2,0.47614999999999996,26,0,0.0,0.065
PHYS_6fcda5f120c8,4.765,0.404,4.0,5.0,15,AUBMC,17,0.253,0,0,17,0,,17,0,0.0,0.085
PHYS_719ec762a045,4.722,0.323,4.0,5.0,15,AUBMC,15,0.299,0,1,14,0,0.0,15,0,0.0,0.068
PHYS_724a08299859,4.842,0.312,4.0,5.0,20,AUBMC,25,0.222,0,0,22,3,0.6256,25,0,0.0,0.064
PHYS_72576b499f11,4.429,0.666,3.0,5.0,26,AUBMC,27,0.27,0,0,26,1,0.7506,27,0,0.0,0.15
PHYS_727b93c1b6a7,4.726,0.529,3.0,5.0,29,AUBMC,31,0.27,0,1,28,2,0.3859333333333333,31,0,0.0,0.112
PHYS_72ad63bc88ee,4.819,0.583,2.467,5.0,21,ED,21,0.447,0,0,19,2,0.83375,21,0,0.0,0.121
PHYS_738254be9bf6,4.919,0.21,4.2,5.0,16,AUBMC,17,0.276,0,0,15,2,0.83125,17,0,0.0,0.043
PHYS_74310b196617,4.751,0.374,3.8,5.0,14,AUBMC,15,0.269,0,0,14,1,0.8689,15,0,0.0,0.079
PHYS_747c833974d5,3.829,1.022,1.857,5.0,29,AUBMC,32,0.25,0,1,30,1,0.1366,32,0,0.0,0.267
PHYS_749615a95136,4.71,0.415,3.8,5.0,16,AUBMC,18,0.268,0,4,14,0,-0.074,18,0,0.0,0.088
PHYS_753edaf7505f,4.617,0.59,3.0,5.0,24,AUBMC,29,0.251,0,1,27,1,0.43895,29,0,0.0,0.128
PHYS_75f2f98bdf72,4.949,0.139,4.4,5.0,34,AUBMC,36,0.283,0,1,33,2,0.2955666666666667,36,0,0.0,0.028
PHYS_77649ca0900b,4.856,0.262,4.0,5.0,41,AUBMC,51,0.241,0,0,48,3,0.7858333333333333,51,0,0.0,0.054
PHYS_78f68b679b71,4.836,0.287,4.0,5.0,44,AUBMC,47,0.284,0,0,44,3,0.5899666666666666,47,0,0.0,0.059
PHYS_7936c3398396,4.893,0.209,4.1,5.0,32,AUBMC,36,0.261,0,0,35,1,0.9531,36,0,0.0,0.043
PHYS_796363ed88b6,4.479,0.589,3.3,5.0,14,AUBMC,19,0.223,0,1,16,2,0.28463333333333335,19,0,0.0,0.132
PHYS_79cb6a3cad40,4.897,0.247,4.125,5.0,17,Patho,17,0.242,0,0,16,1,0.7906,17,0,0.0,0.05
PHYS_79ec7590afb8,4.753,0.503,3.3,5.0,16,AUBMC,17,0.255,0,0,17,0,,17,0,0.0,0.106
PHYS_7aa4bfb13ec8,4.773,0.426,3.8,5.0,22,AUBMC,22,0.303,0,1,20,1,0.18610000000000002,22,0,0.0,0.089
PHYS_7b507970c0a8,4.917,0.27,3.889,5.0,17,AUBMC,21,0.241,0,1,18,2,0.6324666666666666,21,0,0.0,0.055
PHYS_7d4639603244,4.833,0.377,3.8,5.0,30,AUBMC,30,0.302,0,0,27,3,0.6753,30,0,0.0,0.078
PHYS_7e27a77db757,4.725,0.524,3.25,5.0,15,Patho,15,0.242,0,0,14,1,0.9617,15,0,0.0,0.111
PHYS_7e2b1beb5fa0,4.692,0.444,3.5,5.0,24,AUBMC,24,0.302,0,2,21,1,0.2111666666666667,24,0,0.0,0.095
PHYS_7e84a74a69f8,4.794,0.319,4.0,5.0,24,AUBMC,24,0.297,0,1,23,0,0.0,24,0,0.0,0.067
PHYS_7e91f7e56fd6,4.839,0.458,3.2,5.0,15,AUBMC,16,0.282,0,0,14,2,0.8694,16,0,0.0,0.095
PHYS_7f033bc1f792,4.702,0.466,3.7,5.0,29,AUBMC,30,0.291,0,1,26,3,0.6933750000000001,30,0,0.0,0.099
PHYS_8061021ecd7b,4.752,0.385,4.0,5.0,15,AUBMC,17,0.255,0,0,17,0,,17,0,0.0,0.081
PHYS_81a7aa72e7dc,4.549,0.531,3.333,5.0,20,AUBMC,30,0.175,0,1,26,3,0.4444,30,0,0.0,0.117
PHYS_81fe7e66b681,4.95,0.133,4.4,5.0,26,AUBMC,26,0.29,0,0,22,4,0.7357,26,0,0.0,0.027
PHYS_82ab3ac2654c,4.983,0.058,4.8,5.0,12,AUBMC,12,0.303,0,0,10,2,0.9541,12,0,0.0,0.012
PHYS_8577099393e3,4.615,0.503,3.7,5.0,15,AUBMC,15,0.301,0,0,15,0,,15,0,0.0,0.109
PHYS_85a5920c4590,4.878,0.244,4.3,5.0,11,AUBMC,13,0.249,0,1,11,1,0.45585,13,0,0.0,0.05
PHYS_85c37beeac3a,4.807,0.409,3.5,5.0,24,AUBMC,24,0.297,0,0,21,3,0.5957666666666667,24,0,0.0,0.085
PHYS_86b3510033de,4.625,0.488,3.3,5.0,15,AUBMC,19,0.231,0,1,16,2,0.45716666666666667,19,0,0.0,0.106
PHYS_86dca7dce960,4.933,0.15,4.5,5.0,12,AUBMC,21,0.162,0,3,16,2,0.27928,21,0,0.0,0.03
PHYS_877cb55a01ee,4.902,0.278,4.0,5.0,14,Patho,14,0.242,0,0,13,1,0.7841,14,0,0.0,0.057
PHYS_87cc0360be48,4.925,0.252,4.0,5.0,16,AUBMC,17,0.285,0,1,14,2,0.4240333333333333,17,0,0.0,0.051
PHYS_88588d0b818d,4.725,0.46,3.4,5.0,26,AUBMC,27,0.285,0,0,25,2,0.8719,27,0,0.0,0.097
PHYS_890d65abe662,4.93,0.193,4.375,5.0,16,AUBMC,26,0.184,0,2,22,2,0.38285,26,0,0.0,0.039
PHYS_8a41b9458bd0,4.861,0.424,3.0,5.0,36,AUBMC,50,0.204,0,0,46,4,0.6534249999999999,50,0,0.0,0.087
PHYS_8aa04f92bb46,4.752,0.543,2.8,5.0,23,AUBMC,23,0.295,1,0,19,3,0.32330000000000003,23,1,4.3,0.114
PHYS_8b41417b152f,4.812,0.354,3.875,5.0,16,Patho,16,0.242,0,0,14,2,0.9374,16,0,0.0,0.074
PHYS_8b430a0c69bc,4.333,0.702,2.5,5.0,23,AUBMC,23,0.3,1,0,22,0,-0.5996,23,1,4.3,0.162
PHYS_8bcc25eda286,4.102,0.868,2.7,5.0,16,AUBMC,16,0.299,1,0,13,2,0.19346666666666668,16,1,6.2,0.212
PHYS_8cabd5ddd3a8,4.711,0.405,3.6,5.0,19,AUBMC,19,0.298,0,0,17,2,0.5443,19,0,0.0,0.086
PHYS_8d8e97de6a84,4.76,0.381,3.889,5.0,23,AUBMC,24,0.284,0,1,23,0,0.0,24,0,0.0,0.08
PHYS_8f05f1a538fb,4.942,0.229,4.0,5.0,19,AUBMC,23,0.244,0,0,21,2,0.5374,23,0,0.0,0.046
PHYS_8f59f6be6839,4.932,0.171,4.0,5.0,47,AUBMC,51,0.266,0,2,44,5,0.48442857142857143,51,0,0.0,0.035
PHYS_8f6d47120990,4.752,0.406,3.467,5.0,18,ED,19,0.408,0,1,18,0,0.0,19,0,0.0,0.085
PHYS_8f940181e2b7,4.725,0.458,3.333,5.0,21,AUBMC,21,0.302,0,0,21,0,,21,0,0.0,0.097
PHYS_90673957dd97,4.76,0.502,3.0,5.0,20,AUBMC,20,0.303,1,0,16,3,0.510675,20,1,5.0,0.105
PHYS_90834d12f35a,4.847,0.294,4.0,5.0,19,ED,19,0.448,0,0,18,1,0.9501,19,0,0.0,0.061
PHYS_92df458d73ce,4.794,0.596,1.0,5.0,51,AUBMC,51,0.288,0,1,48,2,0.5474666666666667,51,0,0.0,0.124
PHYS_94bbf5d2e8eb,4.712,0.55,3.0,5.0,26,AUBMC,26,0.303,1,0,22,3,0.469875,26,1,3.8,0.117
PHYS_9559b23f8d4b,4.754,0.463,2.8,5.0,33,AUBMC,36,0.272,1,0,34,1,0.028249999999999997,36,1,2.8,0.097
PHYS_95ae00cce5a8,4.945,0.219,4.125,5.0,16,Patho,16,0.242,0,0,16,0,,16,0,0.0,0.044
PHYS_962bd8579c2a,4.725,0.455,3.3,5.0,26,AUBMC,28,0.272,0,0,28,0,,28,0,0.0,0.096
PHYS_97b131d8958d,4.569,0.467,3.889,5.0,15,AUBMC,24,0.186,1,1,21,1,-0.06229999999999999,24,1,4.2,0.102
PHYS_9886ce9b1b67,4.878,0.251,4.0,5.0,18,AUBMC,18,0.301,0,0,16,2,0.63775,18,0,0.0,0.051
PHYS_99cce52880ad,4.77,0.373,3.8,5.0,27,AUBMC,28,0.286,0,0,27,1,0.8709,28,0,0.0,0.078
PHYS_9ae8114ad5ec,4.875,0.223,4.1,5.0,21,AUBMC,31,0.187,0,0,31,0,,31,0,0.0,0.046
PHYS_9be0022e1f7c,4.312,0.854,1.75,5.0,16,Patho,17,0.217,1,0,15,1,0.10029999999999997,17,1,5.9,0.198
PHYS_9c82245b0a5d,4.596,0.554,3.3,5.0,25,AUBMC,27,0.267,0,0,26,1,0.9517,27,0,0.0,0.121
PHYS_9c90903ea1cb,4.95,0.144,4.375,5.0,25,Patho,25,0.242,0,0,23,2,0.6708000000000001,25,0,0.0,0.029
PHYS_9e79106aa20e,4.919,0.223,4.0,5.0,24,AUBMC,25,0.278,0,1,19,5,0.7183,25,0,0.0,0.045
PHYS_9ef5aa4833cc,4.754,0.477,3.0,5.0,24,AUBMC,24,0.301,0,3,15,6,0.42493333333333333,24,0,0.0,0.1
PHYS_9facd75e78af,4.511,0.543,3.0,5.0,23,AUBMC,26,0.256,1,3,20,2,0.05256666666666667,26,1,3.8,0.12
PHYS_9fee67614a36,4.92,0.267,4.0,5.0,14,AUBMC,14,0.297,0,0,10,4,0.77895,14,0,0.0,0.054
PHYS_a039d9fc7752,4.7,0.686,3.0,5.0,12,AUBMC,15,0.242,0,1,12,2,0.4323666666666666,15,0,0.0,0.146
PHYS_a1dcdacf9fcc,4.833,0.241,4.2,5.0,21,AUBMC,22,0.247,0,3,17,2,0.37814,22,0,0.0,0.05
PHYS_a261be663815,5.0,0.0,5.0,5.0,16,AUBMC,16,0.303,0,1,14,1,0.3348,16,0,0.0,0.0
PHYS_a309d09c56b8,4.713,0.371,4.0,5.0,21,ED,21,0.444,0,0,21,0,,21,0,0.0,0.079
PHYS_a36f104c5bb9,4.967,0.105,4.6,5.0,15,AUBMC,16,0.273,0,0,15,1,0.5719,16,0,0.0,0.021
PHYS_a4882d110f22,4.98,0.042,4.9,5.0,10,AUBMC,12,0.253,0,0,11,1,0.6249,12,0,0.0,0.008
PHYS_a54560881f80,4.1,0.966,1.0,5.0,29,AUBMC,29,0.278,0,2,27,0,0.0,29,0,0.0,0.236
PHYS_a5515d805118,4.853,0.324,4.0,5.0,19,AUBMC,22,0.238,0,3,18,1,0.105375,22,0,0.0,0.067
PHYS_a7715e5b65f0,4.829,0.346,4.0,5.0,17,AUBMC,17,0.298,0,1,14,2,0.3287,17,0,0.0,0.072
PHYS_a776330d6a32,4.71,0.424,3.7,5.0,23,AUBMC,23,0.295,0,0,19,4,0.5504,23,0,0.0,0.09
PHYS_a7c9ab176f48,4.815,0.535,2.4,5.0,26,AUBMC,26,0.303,0,0,26,0,,26,0,0.0,0.111
PHYS_a8a3ba9e79e5,4.838,0.324,4.0,5.0,26,AUBMC,28,0.262,0,1,25,2,0.45726666666666665,28,0,0.0,0.067
PHYS_a94e0cb739e1,4.409,0.638,3.3,5.0,17,AUBMC,22,0.23,0,0,20,2,0.5313,22,0,0.0,0.145
PHYS_a98a78e03fde,4.848,0.295,4.0,5.0,25,AUBMC,25,0.303,0,0,23,2,0.46775,25,0,0.0,0.061
PHYS_ab0304feac1b,4.717,0.516,3.0,5.0,18,AUBMC,19,0.271,0,0,18,1,0.9402,19,0,0.0,0.109
PHYS_ab15099660cd,4.49,0.591,3.0,5.0,16,AUBMC,17,0.267,0,0,17,0,,17,0,0.0,0.132
PHYS_abc008f2ef9c,4.59,0.544,3.2,5.0,21,AUBMC,21,0.294,0,0,19,2,0.7751,21,0,0.0,0.119
PHYS_ac5b921afe90,4.076,0.973,1.9,5.0,14,AUBMC,18,0.207,0,3,15,0,-0.1741,18,0,0.0,0.239
PHYS_ac7336a02460,4.817,0.377,3.9,5.0,23,AUBMC,23,0.303,1,0,19,3,0.268075,23,1,4.3,0.078
PHYS_ae524137e63d,4.663,0.441,3.8,5.0,21,AUBMC,22,0.284,0,2,20,0,-0.148,22,0,0.0,0.095
PHYS_af8e43e0ecda,4.8,0.434,3.6,5.0,16,AUBMC,16,0.303,0,0,15,1,0.3612,16,0,0.0,0.09
PHYS_b17c032f113b,4.595,0.577,2.6,5.0,22,AUBMC,26,0.248,0,2,22,2,0.28212499999999996,26,0,0.0,0.126
PHYS_b28e5dc1b6a6,4.848,0.316,4.0,5.0,16,AUBMC,17,0.271,0,0,17,0,,17,0,0.0,0.065
PHYS_b329c20113ca,4.892,0.294,4.0,5.0,12,AUBMC,16,0.178,0,1,14,1,0.29295,16,0,0.0,0.06
PHYS_b52b9a0ebf16,4.865,0.356,3.5,5.0,23,AUBMC,23,0.302,0,0,20,3,0.6214333333333334,23,0,0.0,0.073
PHYS_b54000757d05,4.894,0.267,4.0,5.0,16,AUBMC,16,0.303,0,0,15,1,0.6369,16,0,0.0,0.055
PHYS_b55c7f237e30,4.678,0.665,2.5,5.0,31,AUBMC,32,0.284,0,1,29,2,0.3013666666666666,32,0,0.0,0.142
PHYS_b6b7b2f9ec57,4.822,0.289,4.0,5.0,15,AUBMC,16,0.271,0,1,15,0,0.0,16,0,0.0,0.06
PHYS_b6f8dfc141bf,4.616,0.718,2.2,5.0,20,ED,20,0.444,0,0,19,1,0.6908,20,0,0.0,0.156
PHYS_b73bb0f57f0a,4.583,0.674,3.0,5.0,12,AUBMC,17,0.203,0,0,17,0,,17,0,0.0,0.147
PHYS_b7c50165ca33,4.76,0.419,3.2,5.0,48,AUBMC,50,0.287,0,2,42,6,0.4783875,50,0,0.0,0.088
PHYS_b7ef734849ad,4.97,0.091,4.727,5.0,9,ED,20,0.183,0,2,17,1,0.1468,20,0,0.0,0.018
PHYS_b82dd668e107,4.773,0.36,4.0,5.0,22,AUBMC,27,0.247,0,1,25,1,0.18685,27,0,0.0,0.075
PHYS_b86419b77493,4.771,0.407,4.0,5.0,7,AUBMC,12,0.177,0,3,9,0,-0.09866666666666667,12,0,0.0,0.085
PHYS_b9976f810e5d,4.899,0.178,4.5,5.0,20,AUBMC,20,0.297,0,0,18,2,0.6073,20,0,0.0,0.036
PHYS_baf99bfa461c,4.872,0.247,4.2,5.0,16,AUBMC,17,0.276,0,0,16,1,0.7902,17,0,0.0,0.051
PHYS_bc751199ad00,4.592,0.432,3.778,5.0,24,AUBMC,24,0.298,0,1,21,2,0.3627,24,0,0.0,0.094
PHYS_bd9d261c765d,4.833,0.316,3.75,5.0,30,AUBMC,32,0.265,0,1,28,3,0.55745,32,0,0.0,0.065
PHYS_be5415a2e5dd,4.653,0.513,3.0,5.0,18,ED,21,0.361,0,0,21,0,,21,0,0.0,0.11
PHYS_c01b77b1fef3,4.901,0.289,3.6,5.0,45,AUBMC,51,0.255,0,2,42,7,0.5338222222222222,51,0,0.0,0.059
PHYS_c095cef8c27f,4.307,1.032,1.0,5.0,21,AUBMC,26,0.221,0,1,23,2,0.4989666666666667,26,0,0.0,0.24
PHYS_c0ec96466136,4.83,0.289,4.0,5.0,18,AUBMC,19,0.244,0,3,13,3,0.3395333333333333,19,0,0.0,0.06
PHYS_c29a281f814e,4.892,0.196,4.231,5.0,16,ED,18,0.399,0,0,17,1,0.7003,18,0,0.0,0.04
PHYS_c367fab96ca6,4.893,0.214,4.1,5.0,20,AUBMC,20,0.297,0,0,18,2,0.669,20,0,0.0,0.044
PHYS_c3c94ba18c88,4.097,0.829,1.8,5.0,26,AUBMC,26,0.296,1,1,23,1,0.04733333333333334,26,1,3.8,0.202
PHYS_c4491cc6ac70,4.985,0.061,4.75,5.0,17,Patho,17,0.242,0,0,16,1,0.886,17,0,0.0,0.012
PHYS_c5e2acceccd6,4.823,0.274,4.133,5.0,18,ED,19,0.423,0,0,19,0,,19,0,0.0,0.057
PHYS_c74f43cc95ed,4.894,0.252,4.0,5.0,18,ED,20,0.4,0,0,20,0,,20,0,0.0,0.051
PHYS_c8d7210f1fe6,4.647,0.465,3.7,5.0,14,AUBMC,14,0.297,0,1,12,1,0.24635,14,0,0.0,0.1
PHYS_cb0a8cb3e016,4.55,0.558,3.7,5.0,6,AUBMC,30,0.053,0,0,30,0,,30,0,0.0,0.123
PHYS_cb68dae93506,4.732,0.375,4.0,5.0,16,AUBMC,17,0.275,0,0,17,0,,17,0,0.0,0.079
PHYS_cba2ea3a0d88,4.9,0.289,4.0,5.0,31,AUBMC,31,0.298,0,1,28,2,0.3668666666666667,31,0,0.0,0.059
PHYS_cea13f9cac15,4.914,0.238,4.0,5.0,22,AUBMC,22,0.303,0,2,20,0,-0.148,22,0,0.0,0.048
PHYS_d260fe146704,4.981,0.044,4.875,5.0,12,AUBMC,12,0.298,0,0,9,3,0.8563000000000001,12,0,0.0,0.009
PHYS_d2d3093fa489,5.0,0.0,5.0,5.0,11,AUBMC,12,0.273,0,0,10,2,0.7788,12,0,0.0,0.0
PHYS_d405cd7aa8ea,4.669,0.471,3.429,5.0,30,AUBMC,32,0.275,1,1,27,3,0.20835999999999996,32,1,3.1,0.101
PHYS_d4c23ee697dc,4.665,0.494,3.5,5.0,26,AUBMC,31,0.237,0,1,27,3,0.5070250000000001,31,0,0.0,0.106
PHYS_d6f5100a2909,4.867,0.321,3.667,5.0,21,ED,21,0.447,0,0,21,0,,21,0,0.0,0.066
PHYS_d7f2fcf5aab1,4.69,0.426,4.0,5.0,26,AUBMC,31,0.236,0,1,29,1,0.2601,31,0,0.0,0.091
PHYS_d83d142152e6,4.9,0.266,4.0,5.0,14,AUBMC,15,0.279,0,0,10,5,0.6897599999999999,15,0,0.0,0.054
PHYS_d85b718fdd5d,4.911,0.132,4.6,5.0,18,AUBMC,20,0.248,0,0,16,4,0.644,20,0,0.0,0.027
PHYS_d8b8b891ffc9,4.882,0.253,4.0,5.0,20,AUBMC,21,0.286,1,1,18,1,-0.025566666666666665,21,1,4.8,0.052
PHYS_d8ccf1500bf7,4.713,0.546,3.0,5.0,15,AUBMC,23,0.178,0,0,22,1,0.5719,23,0,0.0,0.116
PHYS_d8edd729a644,4.556,0.603,3.0,5.0,25,AUBMC,26,0.276,0,1,22,3,0.481125,26,0,0.0,0.132
PHYS_d8f8cc7a2c53,4.877,0.196,4.2,5.0,18,AUBMC,18,0.301,0,1,17,0,0.0,18,0,0.0,0.04
PHYS_d91a160645c6,4.85,0.279,4.0,5.0,21,AUBMC,22,0.267,0,1,21,0,0.0,22,0,0.0,0.058
PHYS_d920f5a00584,4.913,0.259,4.0,5.0,15,AUBMC,15,0.303,0,0,14,1,0.6369,15,0,0.0,0.053
PHYS_d96d1fbcd51c,4.682,0.481,3.3,5.0,19,AUBMC,19,0.297,0,0,17,2,0.67605,19,0,0.0,0.103
PHYS_d980aca02559,4.884,0.252,4.0,5.0,21,AUBMC,24,0.259,0,1,20,3,0.41415,24,0,0.0,0.052
PHYS_dba0531c12ff,4.635,0.423,4.0,5.0,18,AUBMC,25,0.217,0,1,23,1,0.42775,25,0,0.0,0.091
PHYS_dbfb1f920bb7,4.661,0.511,3.5,5.0,16,AUBMC,26,0.166,0,2,24,0,-0.08895,26,0,0.0,0.11
PHYS_dc03404505e9,4.711,0.404,3.667,5.0,20,ED,20,0.43,0,1,19,0,-0.079,20,0,0.0,0.086
PHYS_dc16685e7615,4.943,0.174,4.1,5.0,35,AUBMC,37,0.278,0,1,36,0,-0.296,37,0,0.0,0.035
PHYS_de3a95430804,4.936,0.277,3.7,5.0,22,AUBMC,31,0.205,0,1,29,1,0.2377,31,0,0.0,0.056
PHYS_ded69ffc7130,4.874,0.343,3.6,5.0,31,AUBMC,31,0.299,0,0,31,0,,31,0,0.0,0.07
PHYS_df5f76dbc953,4.915,0.228,4.0,5.0,46,AUBMC,51,0.269,0,1,47,3,0.5482,51,0,0.0,0.046
PHYS_dfc6899e9a0d,4.659,0.6,2.8,5.0,17,AUBMC,20,0.241,0,0,20,0,,20,0,0.0,0.129
PHYS_e175501ebe36,4.406,0.648,3.2,5.0,11,AUBMC,11,0.3,0,0,11,0,,11,0,0.0,0.147
PHYS_e1fe1dc0cc98,4.74,0.314,4.0,5.0,15,AUBMC,16,0.275,1,1,10,4,0.35841666666666666,16,1,6.2,0.066
PHYS_e28930872332,4.31,1.114,1.0,5.0,24,AUBMC,24,0.302,2,4,17,1,-0.13644285714285714,24,2,8.3,0.258
PHYS_e35a3c84c2fe,4.48,0.757,3.0,5.0,10,AUBMC,12,0.225,0,0,12,0,,12,0,0.0,0.169
PHYS_e50bfbdbd41d,4.693,0.403,4.0,5.0,19,AUBMC,19,0.287,0,0,18,1,0.883,19,0,0.0,0.086
PHYS_e5e9dae8fdb9,4.755,0.514,2.7,5.0,23,AUBMC,23,0.292,0,1,22,0,0.0,23,0,0.0,0.108
PHYS_e687bc088709,4.975,0.071,4.8,5.0,8,AUBMC,11,0.22,0,0,10,1,0.9574,11,0,0.0,0.014
PHYS_e7445bafe72d,4.355,1.073,1.0,5.0,16,Patho,16,0.237,0,1,14,1,0.29625,16,0,0.0,0.246
PHYS_e74ee551fa09,4.517,0.642,3.1,5.0,12,AUBMC,17,0.214,1,1,14,1,-0.09453333333333336,17,1,5.9,0.142
PHYS_e7f25b0e9a00,4.719,0.389,4.0,5.0,16,Patho,16,0.241,0,0,12,4,0.764175,16,0,0.0,0.082
PHYS_e85f931b0410,4.238,0.883,2.125,5.0,24,Patho,24,0.239,1,0,22,1,-0.04535,24,1,4.2,0.208
PHYS_e89c61e87d73,4.779,0.361,4.0,5.0,19,AUBMC,24,0.239,0,0,23,1,0.7269,24,0,0.0,0.076
PHYS_e8a101cecaa6,4.924,0.192,4.2,5.0,20,AUBMC,20,0.295,0,0,18,2,0.56925,20,0,0.0,0.039
PHYS_e93cd54eccca,4.844,0.316,4.0,5.0,16,AUBMC,17,0.275,0,0,17,0,,17,0,0.0,0.065
PHYS_e99cfcaa6789,4.867,0.421,3.0,5.0,27,AUBMC,27,0.296,0,0,24,3,0.5534,27,0,0.0,0.087
PHYS_ea6d64e1b42f,4.911,0.251,4.0,5.0,19,AUBMC,22,0.242,0,0,21,1,0.6249,22,0,0.0,0.051
PHYS_ea9566c0f4c7,4.908,0.278,4.0,5.0,13,AUBMC,13,0.247,0,0,11,2,0.5407,13,0,0.0,0.057
PHYS_eae50c46a2b2,4.883,0.292,4.0,5.0,12,AUBMC,12,0.303,0,0,10,2,0.7402,12,0,0.0,0.06
PHYS_eb066433ad96,4.697,0.52,3.0,5.0,27,AUBMC,28,0.28,0,0,27,1,0.4588,28,0,0.0,0.111
PHYS_eb37c58e0b5e,4.898,0.184,4.5,5.0,16,Patho,16,0.242,0,0,15,1,0.9657,16,0,0.0,0.038
PHYS_ec2a009b0fc7,4.709,0.517,3.4,5.0,26,AUBMC,26,0.294,0,0,21,5,0.8144600000000001,26,0,0.0,0.11
PHYS_ec334b6ce571,4.356,0.765,2.6,5.0,25,AUBMC,27,0.272,0,0,26,1,0.9413,27,0,0.0,0.176
PHYS_ed3fe1ca099a,4.475,0.669,2.6,5.0,21,AUBMC,30,0.197,0,1,27,2,0.5819333333333333,30,0,0.0,0.149
PHYS_eee9fa53fff6,4.777,0.384,4.0,5.0,20,ED,20,0.45,0,0,19,1,0.6369,20,0,0.0,0.08
PHYS_ef6863b21a42,4.84,0.294,4.0,5.0,43,AUBMC,51,0.244,0,1,47,3,0.552925,51,0,0.0,0.061
PHYS_ef6c8ad04790,4.667,0.577,4.0,5.0,3,AUBMC,24,0.028,0,2,21,1,0.12040000000000001,24,0,0.0,0.124
PHYS_f0ab247db47e,4.857,0.496,2.867,5.0,20,ED,20,0.453,0,0,18,2,0.60195,20,0,0.0,0.102
PHYS_f0b1ece20702,4.671,0.466,3.5,5.0,14,AUBMC,14,0.303,0,1,10,3,0.5839,14,0,0.0,0.1
PHYS_f0ddc75d7edf,4.769,0.418,4.0,5.0,17,AUBMC,22,0.198,1,0,21,0,-0.3182,22,1,4.5,0.088
PHYS_f1415f58b6e5,4.65,0.532,3.6,5.0,20,ED,20,0.453,0,0,18,2,0.46715,20,0,0.0,0.114
PHYS_f1e37c991380,4.633,0.632,2.4,5.0,25,AUBMC,27,0.27,1,1,23,2,0.324875,27,1,3.7,0.136
PHYS_f24b5ac4ffcc,4.887,0.269,3.8,5.0,34,AUBMC,37,0.274,0,0,36,1,0.7506,37,0,0.0,0.055
PHYS_f30aea089ea3,4.794,0.413,3.0,5.0,41,AUBMC,51,0.236,0,1,48,2,0.5321,51,0,0.0,0.086
PHYS_f357a96b073f,4.882,0.281,3.8,5.0,22,AUBMC,22,0.289,0,1,19,2,0.5327333333333334,22,0,0.0,0.058
PHYS_f4a3c5b0c273,4.805,0.366,4.0,5.0,20,AUBMC,32,0.175,0,1,29,2,0.4580666666666667,32,0,0.0,0.076
PHYS_f5f4b850e183,4.699,0.481,3.0,5.0,22,AUBMC,23,0.277,0,0,21,2,0.3715,23,0,0.0,0.102
PHYS_f6151b43d937,4.766,0.461,3.0,5.0,27,AUBMC,27,0.301,0,0,26,1,0.9042,27,0,0.0,0.097
PHYS_f865b2d06c16,4.789,0.303,4.0,5.0,18,AUBMC,23,0.216,0,0,21,2,0.5306,23,0,0.0,0.063
PHYS_f8e4d4614698,4.599,0.636,2.7,5.0,29,AUBMC,32,0.267,0,1,29,2,0.39840000000000003,32,0,0.0,0.138
PHYS_f940253b51c8,4.793,0.411,3.5,5.0,19,AUBMC,23,0.246,1,1,20,1,0.032533333333333324,23,1,4.3,0.086
PHYS_fb27e93e1ed4,4.892,0.33,3.4,5.0,25,AUBMC,25,0.295,0,1,20,4,0.64452,25,0,0.0,0.067
PHYS_fbac4acc1040,4.842,0.37,3.8,5.0,12,AUBMC,12,0.278,0,0,11,1,0.6124,12,0,0.0,0.076
PHYS_fe698927a536,4.23,0.891,1.333,5.0,16,ED,18,0.392,0,0,18,0,,18,0,0.0,0.211
PHYS_ff23e6d53ea5,4.95,0.11,4.7,5.0,16,AUBMC,16,0.303,0,0,15,1,0.6369,16,0,0.0,0.022
PHYS_ff504267d9d6,4.71,0.55,3.267,5.0,21,ED,21,0.446,0,0,21,0,,21,0,0.0,0.117
PHYS_ffde29b94a98,4.838,0.338,3.9,5.0,20,AUBMC,21,0.266,0,1,18,2,0.5110333333333333,21,0,0.0,0.07
